Employee_ID,First_Name,Last_Name,Address,City,Carpool_Driver
0,John,Smith,198 Cougar Plateau Way SW,Calgary,0
1,Jane,Doe,147 Prominence Heights SW,Calgary,1
2,Matthew,Chen,70 Elkton Way SW,Calgary,0
3,Kevin,Van,187 Tremblant Way SW,Calgary,0
4,Gus,Bravo,154 Aspen Summit Cl SW,Calgary,0
5,Vanessa,Chen,317 Wentworth Pl SW,Calgary,0
6,Tus,Fan,25 Wentworth Terrace SW,Calgary,0
7,Josh,McConnell,147 Strathcona Close SW,Calgary,0
8,Brendan,Arthurs,24 Aspen Hills Close SW,Calgary,0
9,Carson,Eades,25 Wentworth Terrace SW,Calgary,0
